{"cameraMode":{"drawMode":0,"name":"Shaded","section":"Shading Mode"},"sceneLighting":true,"audioPlay":false,"sceneViewState":{"m_AlwaysRefresh":false,"showFog":true,"showSkybox":true,"showFlares":true,"showImageEffects":true,"showParticleSystems":true,"showVisualEffectGraphs":true,"m_FxEnabled":false},"in2DMode":false,"pivot":{"x":361.81329345703127,"y":495.79571533203127,"z":-30.780624389648439},"rotation":{"x":0.3959464728832245,"y":-0.08355262875556946,"z":0.036192189902067187,"w":0.9137423634529114},"size":22.59261131286621,"orthographic":false}